InvoiceNo,CustomerID,InvoiceDate,Quantity,UnitPrice,Country
INV17370,C1059,2023-11-12,7,80.67,France
INV13290,C1013,2023-04-16,8,61.87,France
INV66736,C1011,2023-06-26,7,47.35,United Kingdom
INV37933,C1024,2023-09-27,7,10.52,Germany
INV18327,C1040,2023-05-17,8,36.7,France
INV33825,C1054,2023-08-07,8,72.27,United Kingdom
INV69410,C1033,2023-08-13,6,10.36,Netherlands
INV52139,C1052,2023-11-13,8,84.08,Netherlands
INV21747,C1067,2023-07-11,6,5.07,France
INV17810,C1050,2023-01-07,5,63.66,Spain
INV13773,C1013,2023-01-08,6,5.67,Spain
INV66736,C1059,2023-10-19,9,32.67,Germany
INV20903,C1085,2023-01-30,3,41.33,Germany
INV93325,C1086,2023-05-06,4,61.28,Germany
INV45415,C1095,2023-12-06,3,86.69,Spain
INV24512,C1094,2023-09-23,7,21.2,Netherlands
INV20972,C1015,2023-05-13,7,6.26,Spain
INV93389,C1031,2023-03-12,9,96.74,Netherlands
INV99096,C1000,2023-09-24,2,41.61,Netherlands
INV98632,C1099,2023-09-21,5,26.93,France
INV26337,C1009,2023-10-10,7,62.95,Spain
INV39005,C1085,2023-08-09,8,8.27,France
INV47103,C1055,2023-07-20,1,29.58,Spain
INV59380,C1055,2023-08-21,8,76.76,Spain
INV32364,C1058,2023-11-25,6,24.75,Spain
INV60642,C1005,2023-09-25,4,22.56,Germany
INV21651,C1007,2023-02-01,2,78.64,France
INV18873,C1033,2023-12-01,2,42.54,Germany
INV96922,C1067,2023-02-23,4,61.8,Spain
INV83709,C1041,2023-12-09,8,59.19,United Kingdom
INV13673,C1078,2023-04-10,9,96.31,France
INV74032,C1023,2023-09-17,5,41.92,Germany
INV14966,C1031,2023-06-26,2,56.27,Spain
INV35920,C1065,2023-08-03,8,38.89,Netherlands
INV70155,C1031,2023-01-10,9,33.15,Germany
INV67393,C1036,2023-10-12,1,6.49,Netherlands
INV76645,C1069,2023-05-24,9,78.36,France
INV73090,C1002,2023-02-08,8,5.52,United Kingdom
INV60390,C1080,2023-01-18,3,72.15,Spain
INV34314,C1031,2023-03-15,3,80.07,Netherlands
INV79816,C1032,2023-02-09,5,93.0,Netherlands
INV69093,C1092,2023-09-13,9,91.92,Netherlands
INV41853,C1093,2023-12-28,9,64.21,Spain
INV49581,C1043,2023-02-12,2,14.06,Spain
INV15294,C1027,2023-12-29,7,34.54,Germany
INV58574,C1035,2023-03-25,8,68.26,Netherlands
INV58094,C1079,2023-06-01,8,31.1,Netherlands
INV92178,C1047,2023-11-12,3,49.86,Germany
INV27245,C1072,2023-10-09,5,97.31,Spain
INV30264,C1005,2023-01-18,3,77.27,United Kingdom
INV66955,C1091,2023-06-09,7,78.24,Netherlands
INV45871,C1044,2023-01-29,7,8.84,Germany
INV51280,C1014,2023-09-17,3,7.99,France
INV25667,C1093,2023-07-19,7,50.16,Germany
INV11730,C1041,2023-03-17,4,91.22,Netherlands
INV84079,C1020,2023-03-20,7,62.42,United Kingdom
INV95547,C1093,2023-08-25,4,94.57,United Kingdom
INV75170,C1024,2023-07-16,7,32.53,France
INV27577,C1030,2023-11-23,6,88.64,Netherlands
INV40783,C1048,2023-02-02,9,15.02,Netherlands
INV68215,C1034,2023-05-07,4,89.79,United Kingdom
INV58768,C1087,2023-10-20,7,90.13,Netherlands
INV47529,C1091,2023-11-23,7,91.15,United Kingdom
INV20748,C1015,2023-11-07,1,26.65,France
INV49079,C1078,2023-02-13,9,82.71,Spain
INV98715,C1034,2023-05-05,9,33.95,France
INV40270,C1061,2023-11-09,6,53.52,Netherlands
INV74377,C1004,2023-01-12,9,51.06,United Kingdom
INV54444,C1022,2023-08-12,1,16.39,Germany
INV68287,C1040,2023-10-14,8,94.58,Spain
INV51648,C1032,2023-06-18,6,25.78,Germany
INV47688,C1019,2023-11-25,8,71.79,Germany
INV79853,C1064,2023-09-01,1,11.16,Germany
INV31331,C1057,2023-01-27,4,28.45,United Kingdom
INV34725,C1064,2023-07-06,7,52.24,Germany
INV43330,C1042,2023-08-21,1,19.07,Spain
INV15021,C1058,2023-11-23,8,8.5,United Kingdom
INV92111,C1043,2023-09-04,1,97.78,Germany
INV81025,C1019,2023-10-26,6,8.14,Spain
INV11296,C1026,2023-10-21,1,65.26,France
INV93684,C1054,2023-11-22,2,55.44,France
INV59482,C1074,2023-01-22,6,28.0,Germany
INV92056,C1069,2023-03-18,4,12.68,Germany
INV39285,C1076,2023-12-09,8,27.58,Spain
INV46559,C1031,2023-03-05,6,39.94,United Kingdom
INV38347,C1097,2023-03-23,4,98.43,Netherlands
INV63813,C1028,2023-09-24,6,55.9,Germany
INV46830,C1086,2023-10-12,1,19.32,Netherlands
INV87603,C1006,2023-03-30,6,71.1,Germany
INV30549,C1045,2023-06-29,3,61.13,France
INV73640,C1089,2023-05-18,4,6.58,United Kingdom
INV50501,C1017,2023-05-07,3,81.9,France
INV59842,C1011,2023-07-22,4,66.29,Spain
INV34417,C1053,2023-12-01,4,94.35,Netherlands
INV87903,C1013,2023-04-20,8,41.74,United Kingdom
INV18016,C1008,2023-07-24,2,84.58,Germany
INV34919,C1052,2023-05-23,9,15.78,Netherlands
INV51855,C1008,2023-08-10,7,56.44,France
INV53018,C1000,2023-08-11,3,26.71,Spain
INV55392,C1090,2023-09-20,9,54.08,France
INV59992,C1065,2023-02-19,1,27.98,Spain
INV88491,C1069,2023-01-25,5,90.54,Spain
INV12783,C1017,2023-08-14,7,37.21,France
INV31868,C1089,2023-12-23,3,71.53,Netherlands
INV97962,C1098,2023-10-13,3,86.35,Spain
INV27242,C1018,2023-04-18,6,79.09,France
INV37462,C1040,2023-12-05,8,85.84,Germany
INV48012,C1060,2023-11-17,1,20.35,Spain
INV20105,C1063,2023-07-01,6,68.55,Spain
INV32563,C1042,2023-12-06,3,40.37,Germany
INV12984,C1021,2023-02-10,9,68.03,United Kingdom
INV21312,C1003,2023-12-01,2,20.28,Spain
INV52662,C1041,2023-02-04,2,51.13,Spain
INV11361,C1003,2023-07-22,3,66.94,France
INV98422,C1004,2023-02-26,9,21.71,Germany
INV12673,C1022,2023-11-11,4,27.54,United Kingdom
INV77033,C1089,2023-08-28,5,21.99,Germany
INV14412,C1050,2023-09-17,8,66.72,Netherlands
INV52280,C1082,2023-07-09,7,73.49,Germany
INV10485,C1069,2023-06-17,1,56.54,Netherlands
INV82049,C1007,2023-03-30,3,65.45,Netherlands
INV27492,C1017,2023-06-22,6,28.18,France
INV43815,C1019,2023-02-28,6,97.99,Netherlands
INV97859,C1026,2023-06-20,3,89.74,United Kingdom
INV17308,C1014,2023-03-01,2,38.26,Netherlands
INV79129,C1004,2023-05-31,1,59.81,United Kingdom
INV73392,C1031,2023-07-19,1,23.55,Spain
INV36549,C1049,2023-08-03,3,59.34,Netherlands
INV53451,C1063,2023-08-07,1,9.14,Germany
INV14785,C1015,2023-08-28,5,88.93,Netherlands
INV35461,C1008,2023-06-08,9,95.54,Netherlands
INV29969,C1049,2023-01-17,1,57.51,United Kingdom
INV71275,C1022,2023-08-02,3,98.13,United Kingdom
INV94513,C1033,2023-12-27,4,32.97,Germany
INV63598,C1037,2023-10-29,5,23.14,Netherlands
INV49535,C1010,2023-04-02,1,35.11,United Kingdom
INV22694,C1066,2023-11-07,2,57.9,France
INV29535,C1097,2023-12-04,6,71.12,Germany
INV27142,C1002,2023-09-07,8,11.69,Spain
INV78846,C1038,2023-03-21,2,63.43,Spain
INV47032,C1053,2023-04-13,6,39.07,France
INV13460,C1037,2023-04-17,2,35.64,Germany
INV20678,C1020,2023-04-10,8,71.22,United Kingdom
INV65592,C1078,2023-10-03,6,39.15,Netherlands
INV65931,C1040,2023-09-28,7,44.88,Spain
INV63643,C1076,2023-05-08,2,87.37,France
INV26087,C1015,2023-09-13,7,52.64,Germany
INV47177,C1096,2023-01-07,4,66.75,Netherlands
INV44613,C1073,2023-04-05,3,37.11,Netherlands
INV10458,C1054,2023-03-02,2,13.93,Netherlands
INV65127,C1072,2023-08-23,7,68.84,Netherlands
INV97083,C1006,2023-03-08,3,49.23,Germany
INV31696,C1069,2023-08-13,6,61.13,France
INV75319,C1095,2023-09-17,6,28.77,France
INV97496,C1017,2023-07-07,6,33.81,Germany
INV14666,C1079,2023-03-26,5,54.61,Spain
INV68984,C1025,2023-10-24,5,30.8,Spain
INV28649,C1069,2023-05-04,5,48.44,France
INV74821,C1024,2023-01-30,6,9.91,Netherlands
INV22735,C1046,2023-08-18,4,44.08,United Kingdom
INV85826,C1075,2023-11-14,3,65.56,Germany
INV27068,C1070,2023-03-03,4,17.61,Spain
INV11812,C1051,2023-10-11,2,54.05,France
INV83500,C1039,2023-04-07,3,80.54,France
INV40376,C1008,2023-10-15,3,46.7,Netherlands
INV96837,C1029,2023-11-27,7,28.83,Spain
INV97849,C1029,2023-09-24,5,12.68,France
INV88744,C1056,2023-06-10,9,70.41,United Kingdom
INV27409,C1000,2023-11-22,1,21.46,United Kingdom
INV37604,C1066,2023-04-01,1,47.02,United Kingdom
INV63724,C1097,2023-01-08,6,72.89,United Kingdom
INV70329,C1077,2023-04-29,8,93.79,United Kingdom
INV38773,C1066,2023-09-11,1,95.71,Germany
INV14142,C1024,2023-06-21,7,67.43,United Kingdom
INV67874,C1071,2023-05-07,5,63.11,Spain
INV45316,C1072,2023-01-29,7,9.53,Germany
INV80385,C1016,2023-10-17,3,77.0,Netherlands
INV81815,C1054,2023-01-24,9,37.48,France
INV39639,C1072,2023-08-20,5,13.94,France
INV96349,C1037,2023-10-15,4,21.66,France
INV39549,C1044,2023-04-20,5,49.98,France
INV27529,C1020,2023-02-17,1,49.14,Netherlands
INV53380,C1041,2023-07-07,5,42.86,France
INV14951,C1052,2023-11-06,6,65.33,United Kingdom
INV49008,C1026,2023-08-29,2,29.78,Germany
INV96618,C1057,2023-01-29,3,52.8,Spain
INV30677,C1046,2023-10-22,1,56.24,Spain
INV48294,C1024,2023-09-25,4,63.51,United Kingdom
INV89940,C1085,2023-09-26,7,94.7,Spain
INV51446,C1041,2023-06-24,4,59.67,Germany
INV39209,C1025,2023-09-13,2,59.47,Spain
INV82920,C1061,2023-02-17,1,48.53,United Kingdom
INV98630,C1036,2023-12-26,3,82.96,Germany
INV97601,C1006,2023-07-23,3,82.94,Germany
INV15359,C1077,2023-06-25,8,91.01,United Kingdom
INV73908,C1066,2023-04-20,2,8.7,Netherlands
INV62930,C1091,2023-01-17,2,69.89,Spain
INV53135,C1054,2023-06-09,1,67.29,Netherlands
INV89117,C1067,2023-01-30,2,29.77,France
INV63977,C1083,2023-08-21,7,16.23,Germany
INV94991,C1080,2023-12-08,5,38.09,Germany
INV60192,C1094,2023-10-20,8,74.83,Spain
INV32742,C1023,2023-04-03,5,96.92,United Kingdom
INV17433,C1036,2023-12-24,4,21.86,Netherlands
INV20499,C1023,2023-05-12,9,59.01,Germany
INV81937,C1052,2023-09-02,3,99.1,United Kingdom
INV95359,C1018,2023-11-13,4,40.34,Netherlands
INV50571,C1011,2023-05-18,7,60.15,United Kingdom
INV55279,C1039,2023-12-01,7,93.42,United Kingdom
INV36523,C1008,2023-06-24,5,27.67,United Kingdom
INV87252,C1069,2023-12-04,7,76.33,United Kingdom
INV46908,C1095,2023-11-25,9,27.63,United Kingdom
INV43114,C1060,2023-02-22,1,55.76,Netherlands
INV66787,C1092,2023-02-05,4,83.51,United Kingdom
INV89200,C1013,2023-11-24,6,33.28,France
INV60867,C1088,2023-03-23,3,41.97,United Kingdom
INV93481,C1022,2023-07-06,9,85.48,United Kingdom
INV57587,C1032,2023-03-11,9,35.33,United Kingdom
INV19875,C1015,2023-02-23,4,59.48,Netherlands
INV12139,C1087,2023-03-10,5,13.71,Netherlands
INV73861,C1050,2023-12-10,9,57.6,France
INV76488,C1032,2023-10-07,5,76.48,Germany
INV92720,C1072,2023-01-21,7,79.22,Spain
INV49870,C1033,2023-05-30,7,13.66,France
INV69225,C1020,2023-07-26,7,99.61,France
INV24876,C1065,2023-04-08,5,75.02,United Kingdom
INV45896,C1096,2023-04-02,2,97.02,United Kingdom
INV90072,C1072,2023-11-19,9,77.34,Netherlands
INV43922,C1031,2023-12-30,1,14.61,United Kingdom
INV58717,C1020,2023-04-06,7,45.48,United Kingdom
INV14326,C1073,2023-07-14,8,11.91,United Kingdom
INV90480,C1010,2023-11-24,2,89.73,Spain
INV12116,C1053,2023-11-17,2,12.73,Netherlands
INV33463,C1082,2023-01-08,5,27.16,United Kingdom
INV73353,C1064,2023-05-28,8,40.56,Germany
INV61061,C1076,2023-07-10,1,88.63,Spain
INV40096,C1097,2023-01-08,1,94.99,Germany
INV87590,C1011,2023-08-04,9,61.23,Spain
INV18615,C1059,2023-09-20,4,40.74,Spain
INV56580,C1033,2023-05-03,3,78.83,Netherlands
INV97086,C1009,2023-03-04,6,71.98,France
INV10535,C1006,2023-04-16,3,15.56,France
INV24538,C1077,2023-12-04,3,29.1,France
INV45321,C1093,2023-06-07,2,49.52,Germany
INV32545,C1051,2023-12-27,4,16.29,Germany
INV56364,C1097,2023-01-24,9,75.7,Germany
INV77869,C1023,2023-02-19,3,60.42,Netherlands
INV64161,C1031,2023-07-19,9,40.61,Spain
INV62517,C1005,2023-06-08,1,12.87,United Kingdom
INV40904,C1052,2023-04-23,1,26.24,France
INV97195,C1048,2023-12-03,6,81.2,Germany
INV31153,C1055,2023-12-29,5,9.12,Germany
INV87981,C1063,2023-09-04,5,99.33,Netherlands
INV82411,C1094,2023-08-24,5,29.03,Netherlands
INV11771,C1061,2023-01-09,3,97.08,Netherlands
INV89820,C1012,2023-12-13,2,20.79,Spain
INV76079,C1043,2023-12-10,1,71.1,United Kingdom
INV48397,C1014,2023-06-15,1,64.62,Spain
INV32262,C1038,2023-03-22,6,41.5,France
INV97565,C1044,2023-04-02,7,9.32,United Kingdom
INV32333,C1062,2023-03-04,8,42.48,Netherlands
INV35957,C1045,2023-05-19,8,63.91,United Kingdom
INV72920,C1003,2023-08-09,8,21.12,Germany
INV96339,C1073,2023-07-13,4,49.05,Germany
INV44469,C1082,2023-08-09,2,30.26,Germany
INV95738,C1056,2023-02-19,5,97.57,Germany
INV89497,C1054,2023-07-05,6,8.07,Netherlands
INV24361,C1050,2023-12-30,9,34.41,Germany
INV75588,C1065,2023-03-26,4,62.26,Netherlands
INV22443,C1025,2023-07-28,3,83.14,France
INV23080,C1057,2023-03-17,2,44.58,Germany
INV74005,C1012,2023-02-16,5,63.27,Spain
INV65196,C1028,2023-01-12,2,12.86,France
INV37247,C1027,2023-05-06,2,57.4,France
INV47205,C1079,2023-07-29,5,7.5,United Kingdom
INV72144,C1039,2023-01-31,1,78.87,United Kingdom
INV27644,C1048,2023-01-23,2,98.79,United Kingdom
INV77203,C1096,2023-03-16,1,40.79,United Kingdom
INV31334,C1018,2023-09-10,9,97.14,France
INV84555,C1046,2023-11-08,1,84.64,United Kingdom
INV60600,C1094,2023-06-22,2,8.5,United Kingdom
INV66865,C1030,2023-04-10,1,6.3,United Kingdom
INV26994,C1021,2023-10-19,7,87.15,Spain
INV26142,C1013,2023-01-12,1,55.76,Germany
INV96324,C1090,2023-05-10,5,99.68,Spain
INV56140,C1019,2023-02-01,5,60.59,Spain
INV16575,C1073,2023-08-27,5,94.75,France
INV61348,C1007,2023-01-06,3,28.5,Spain
INV35994,C1089,2023-06-06,9,17.27,Spain
INV94977,C1008,2023-01-03,3,31.1,Spain
INV68416,C1078,2023-04-03,4,26.72,Spain
INV52087,C1064,2023-03-22,1,76.91,United Kingdom
INV89187,C1061,2023-01-09,2,39.03,Spain
INV80601,C1093,2023-10-19,8,7.11,Spain
INV14554,C1043,2023-03-21,2,50.24,United Kingdom
INV29806,C1087,2023-02-13,3,54.42,Netherlands
INV43979,C1072,2023-07-29,1,57.43,Spain
INV27562,C1067,2023-08-25,5,13.4,Spain
INV99570,C1005,2023-03-02,9,61.05,France
INV57475,C1006,2023-09-17,7,76.74,Spain
INV28118,C1003,2023-10-09,5,65.74,United Kingdom
INV51354,C1072,2023-04-11,3,90.8,Spain
INV66578,C1037,2023-03-17,2,38.31,United Kingdom
INV67395,C1092,2023-12-13,2,65.48,United Kingdom
INV90315,C1060,2023-11-12,3,90.9,United Kingdom
INV98106,C1098,2023-11-28,4,57.01,France
INV95061,C1040,2023-02-17,1,79.45,Germany
INV57210,C1038,2023-12-12,7,54.74,France
INV17943,C1033,2023-07-04,1,95.2,United Kingdom
INV24336,C1076,2023-12-25,4,48.64,France
INV69123,C1004,2023-09-03,1,51.75,United Kingdom
INV94375,C1066,2023-06-19,4,48.62,Netherlands
INV76724,C1059,2023-08-08,2,63.98,France
INV13601,C1021,2023-08-04,2,36.23,France
INV62482,C1042,2023-04-12,3,56.04,Netherlands
INV28660,C1058,2023-12-22,7,17.16,United Kingdom
INV47241,C1052,2023-06-14,6,71.28,France
INV33906,C1053,2023-12-01,4,22.28,France
INV27105,C1085,2023-05-02,8,44.11,France
INV61728,C1077,2023-04-02,3,53.95,United Kingdom
INV41454,C1083,2023-03-19,2,62.18,United Kingdom
INV58376,C1004,2023-05-22,3,8.88,Spain
INV72463,C1021,2023-04-26,5,37.78,France
INV58496,C1092,2023-10-06,6,13.43,Netherlands
INV11039,C1000,2023-06-02,1,55.77,United Kingdom
INV69044,C1069,2023-03-11,2,17.23,Spain
INV13764,C1020,2023-09-23,9,13.77,Germany
INV87333,C1016,2023-09-07,9,70.34,Spain
INV64182,C1026,2023-10-28,8,87.99,France
INV80294,C1083,2023-03-09,1,31.3,United Kingdom
INV15709,C1026,2023-06-07,1,13.03,United Kingdom
INV42209,C1026,2023-04-09,3,22.53,Netherlands
INV50469,C1066,2023-12-11,8,51.03,United Kingdom
INV20115,C1041,2023-11-14,7,55.47,United Kingdom
INV34966,C1085,2023-01-30,2,76.01,France
INV94950,C1026,2023-07-11,8,17.65,Spain
INV19274,C1007,2023-07-04,3,90.04,Germany
INV31206,C1084,2023-06-09,2,47.5,Germany
INV35031,C1064,2023-03-04,3,42.73,Netherlands
INV17769,C1080,2023-11-02,9,75.05,Spain
INV47632,C1006,2023-08-05,7,35.6,United Kingdom
INV90619,C1009,2023-09-19,7,13.47,United Kingdom
INV19422,C1061,2023-11-07,9,89.6,Germany
INV49242,C1046,2023-07-31,4,50.03,France
INV51909,C1038,2023-06-29,3,66.64,France
INV20733,C1022,2023-12-10,2,13.26,United Kingdom
INV44932,C1019,2023-04-26,6,60.75,Spain
INV51250,C1085,2023-08-06,8,60.72,Netherlands
INV44645,C1083,2023-09-26,3,40.98,United Kingdom
INV57205,C1047,2023-09-25,5,39.49,Netherlands
INV84817,C1048,2023-12-07,2,28.21,Netherlands
INV41261,C1007,2023-09-02,6,62.55,Germany
INV28791,C1086,2023-01-07,1,5.72,Spain
INV86269,C1098,2023-01-27,5,19.52,Spain
INV12049,C1046,2023-03-27,7,51.34,Germany
INV74450,C1020,2023-05-06,8,90.19,United Kingdom
INV43279,C1004,2023-01-04,7,9.91,Netherlands
INV79755,C1025,2023-04-07,8,71.21,Spain
INV32098,C1053,2023-03-31,8,15.64,Spain
INV59796,C1027,2023-11-11,2,59.72,United Kingdom
INV54839,C1097,2023-09-16,4,5.5,France
INV17892,C1020,2023-05-10,6,29.5,United Kingdom
INV98174,C1058,2023-11-19,8,73.68,Germany
INV56127,C1054,2023-05-11,9,73.25,Netherlands
INV29479,C1045,2023-10-01,8,50.28,United Kingdom
INV85846,C1049,2023-04-09,5,22.77,Spain
INV62818,C1098,2023-04-13,6,72.54,Spain
INV46975,C1042,2023-12-23,4,53.22,France
INV29069,C1037,2023-05-31,1,55.33,Netherlands
INV45732,C1068,2023-05-19,1,63.01,United Kingdom
INV20566,C1015,2023-03-21,6,60.22,Netherlands
INV14421,C1056,2023-06-26,4,35.46,Germany
INV34179,C1019,2023-08-06,3,9.92,France
INV64880,C1089,2023-05-27,2,48.16,Netherlands
INV95970,C1062,2023-01-07,5,11.02,United Kingdom
INV23788,C1062,2023-02-16,2,35.62,United Kingdom
INV44476,C1061,2023-02-27,2,13.35,Spain
INV57725,C1089,2023-03-08,5,5.26,Netherlands
INV31219,C1056,2023-06-27,9,61.59,Spain
INV15591,C1097,2023-08-04,8,62.58,United Kingdom
INV94232,C1042,2023-09-16,3,38.14,France
INV19411,C1034,2023-12-12,1,85.82,France
INV96101,C1091,2023-11-15,2,16.81,Netherlands
INV68377,C1002,2023-05-28,8,99.14,Spain
INV26358,C1038,2023-09-03,2,22.22,Netherlands
INV49267,C1072,2023-01-19,3,93.01,France
INV56730,C1062,2023-04-20,6,9.57,Netherlands
INV69495,C1083,2023-11-06,8,83.65,Germany
INV13012,C1087,2023-11-28,5,24.15,United Kingdom
INV11288,C1008,2023-02-18,3,20.61,Spain
INV71870,C1032,2023-07-10,5,27.39,Spain
INV52571,C1018,2023-07-27,4,35.04,Netherlands
INV33676,C1072,2023-08-19,9,69.88,France
INV43168,C1033,2023-03-27,8,46.72,Germany
INV33540,C1092,2023-05-30,3,64.29,France
INV77843,C1010,2023-07-04,1,76.02,United Kingdom
INV26534,C1093,2023-02-06,1,27.06,Spain
INV68836,C1061,2023-11-12,1,42.19,Germany
INV51853,C1050,2023-04-17,2,56.64,Netherlands
INV74223,C1074,2023-12-05,8,26.76,France
INV13001,C1069,2023-02-12,7,16.11,Germany
INV20670,C1064,2023-11-16,6,36.62,France
INV62446,C1004,2023-11-09,3,36.82,France
INV73529,C1021,2023-04-22,4,80.43,France
INV91562,C1068,2023-03-09,1,55.68,Germany
INV54308,C1009,2023-09-13,7,59.45,France
INV89731,C1005,2023-01-08,6,76.48,Germany
INV88344,C1052,2023-10-06,5,78.96,Spain
INV28421,C1054,2023-07-14,1,8.19,United Kingdom
INV63532,C1007,2023-02-28,6,72.84,United Kingdom
INV75640,C1083,2023-02-15,5,88.29,United Kingdom
INV99845,C1051,2023-02-22,1,14.78,Spain
INV47714,C1019,2023-10-28,4,48.42,Spain
INV17535,C1025,2023-01-23,4,42.74,Netherlands
INV40181,C1025,2023-01-14,8,19.24,United Kingdom
INV77903,C1076,2023-11-01,4,73.61,Spain
INV37966,C1057,2023-05-11,2,6.16,Germany
INV84556,C1086,2023-03-06,3,70.93,Netherlands
INV71422,C1070,2023-05-10,4,73.04,Germany
INV72514,C1040,2023-02-09,5,83.55,France
INV11746,C1097,2023-12-20,8,60.42,United Kingdom
INV74834,C1037,2023-07-21,8,45.24,France
INV55144,C1024,2023-12-04,8,53.06,France
INV15855,C1017,2023-05-20,9,29.32,Netherlands
INV34478,C1031,2023-08-27,8,87.85,United Kingdom
INV83589,C1028,2023-03-12,4,92.28,United Kingdom
INV97450,C1066,2023-10-17,5,92.64,France
INV15577,C1091,2023-12-13,8,66.88,Germany
INV30192,C1048,2023-03-06,1,59.75,France
INV50272,C1011,2023-01-24,9,45.29,Germany
INV27953,C1039,2023-09-19,8,84.84,Spain
INV36850,C1067,2023-03-20,7,16.67,Spain
INV64790,C1026,2023-10-24,5,98.56,Spain
INV97493,C1098,2023-02-01,4,16.84,Germany
INV49876,C1024,2023-10-20,9,36.55,Germany
INV52201,C1009,2023-05-10,6,54.29,Germany
INV40538,C1061,2023-09-09,8,62.75,Netherlands
INV43529,C1044,2023-02-11,9,75.7,Netherlands
INV13786,C1054,2023-11-09,4,79.84,Netherlands
INV87769,C1067,2023-01-04,9,15.86,United Kingdom
INV57530,C1052,2023-11-20,4,56.05,Spain
INV11562,C1020,2023-09-24,6,37.9,France
INV51729,C1074,2023-11-18,2,50.68,Netherlands
INV15767,C1065,2023-04-17,1,60.77,Netherlands
INV29249,C1023,2023-12-21,3,28.58,Netherlands
INV58779,C1059,2023-03-19,9,52.34,Netherlands
INV53328,C1029,2023-06-21,6,8.22,Netherlands
INV26902,C1039,2023-01-04,1,39.43,Spain
INV96841,C1091,2023-07-30,6,25.91,Germany
INV51674,C1006,2023-09-21,2,68.04,Netherlands
INV34950,C1029,2023-12-14,7,97.68,Netherlands
INV88314,C1095,2023-02-19,9,19.12,United Kingdom
INV28410,C1079,2023-12-13,6,86.76,United Kingdom
INV15848,C1075,2023-10-22,8,52.71,United Kingdom
INV52584,C1080,2023-04-25,1,34.44,Germany
INV50244,C1076,2023-01-05,7,45.54,Netherlands
INV76582,C1027,2023-01-04,8,90.32,Spain
INV54175,C1021,2023-06-14,1,8.47,Spain
INV56134,C1030,2023-09-17,8,60.81,United Kingdom
INV47378,C1043,2023-08-08,1,78.68,Netherlands
INV87346,C1024,2023-12-05,2,54.82,United Kingdom
INV84170,C1048,2023-01-08,1,43.07,United Kingdom
INV97949,C1039,2023-11-30,6,77.71,Germany
INV37548,C1013,2023-02-20,4,22.28,Spain
INV96458,C1011,2023-01-15,7,94.88,United Kingdom
INV36290,C1081,2023-10-06,3,66.18,Germany
INV66821,C1029,2023-08-09,1,7.41,Spain
INV64607,C1045,2023-01-10,2,87.36,Spain
INV81990,C1063,2023-06-18,8,7.57,United Kingdom
INV62617,C1016,2023-06-22,7,29.12,Germany
INV43437,C1046,2023-12-01,7,68.83,Netherlands
INV65158,C1082,2023-09-17,8,14.89,United Kingdom
INV42091,C1047,2023-08-26,5,21.96,Netherlands
INV33844,C1044,2023-08-02,1,57.89,Germany
INV24867,C1055,2023-08-26,8,14.45,Netherlands
INV41442,C1041,2024-01-01,8,73.62,France
INV69867,C1010,2023-07-24,8,81.65,France
INV12376,C1043,2023-05-07,4,94.72,France
INV89944,C1038,2023-11-10,6,24.47,France
INV24249,C1013,2023-01-13,7,90.15,Germany
INV15113,C1019,2023-09-16,7,65.16,United Kingdom
INV47493,C1019,2023-03-04,1,24.75,France
INV33234,C1093,2023-01-20,3,16.66,France
INV17262,C1037,2023-01-17,3,60.39,Spain
INV81904,C1040,2023-09-12,2,89.8,France
INV62844,C1029,2023-02-18,5,37.47,United Kingdom
INV90676,C1052,2023-11-19,2,39.49,Netherlands
INV90645,C1005,2023-02-16,7,30.47,Spain
INV96040,C1005,2023-03-12,5,37.79,France
INV82361,C1078,2023-12-03,9,46.43,Spain
INV58145,C1066,2023-02-05,3,95.1,United Kingdom
INV82103,C1083,2023-01-11,6,79.08,France
INV10241,C1020,2023-09-12,1,87.5,United Kingdom
INV45454,C1055,2023-06-17,8,98.61,Germany
INV71275,C1021,2023-01-14,7,80.99,United Kingdom
INV60698,C1047,2023-07-05,1,51.05,France
INV88840,C1086,2023-01-21,1,30.52,Netherlands
INV19296,C1030,2023-08-14,8,71.39,Spain
INV34949,C1038,2023-12-02,9,29.5,Germany
INV88502,C1081,2023-03-29,6,66.28,Spain
INV43401,C1040,2023-10-02,4,17.57,Germany
INV66837,C1027,2023-10-13,2,30.87,France
INV47670,C1016,2023-10-22,6,91.86,Spain
INV16572,C1010,2023-04-15,5,82.43,France
INV57429,C1038,2023-09-18,9,31.04,Spain
INV78531,C1057,2023-10-15,1,43.5,France
INV62774,C1058,2023-02-03,6,83.83,Spain
INV94640,C1025,2023-09-08,7,15.12,United Kingdom
INV31359,C1095,2023-03-28,6,18.0,France
INV22205,C1070,2023-01-20,9,30.32,France
INV31647,C1028,2023-09-12,8,28.82,France
INV51842,C1075,2023-03-13,9,51.96,Netherlands
INV60266,C1068,2023-07-21,1,44.78,United Kingdom
INV56668,C1098,2023-08-06,2,20.8,Germany
INV60216,C1089,2023-06-09,1,12.87,Spain
INV63586,C1022,2023-04-13,4,78.24,Spain
INV13972,C1083,2023-08-03,5,84.52,United Kingdom
INV47790,C1088,2023-02-18,4,73.31,Spain
INV79767,C1056,2023-08-01,7,62.99,France
INV63878,C1062,2023-01-31,6,50.22,Netherlands
INV48709,C1051,2023-11-24,8,94.0,Netherlands
INV36990,C1059,2023-09-24,5,50.96,Netherlands
INV38672,C1021,2023-10-03,4,56.29,Germany
INV35247,C1066,2023-09-01,3,61.53,Germany
INV27350,C1024,2023-11-19,1,52.15,United Kingdom
INV12097,C1020,2023-04-07,2,64.22,Spain
INV84830,C1013,2023-09-21,2,15.13,Netherlands
INV82366,C1085,2023-05-15,9,38.4,Spain
INV82349,C1069,2023-05-30,1,52.07,Netherlands
INV63596,C1061,2023-04-22,8,46.31,Netherlands
INV81541,C1026,2023-04-24,7,12.21,United Kingdom
INV40080,C1030,2023-06-05,2,80.94,Spain
INV41539,C1006,2023-11-01,3,30.85,Netherlands
INV18367,C1005,2023-12-08,2,14.79,Spain
INV65720,C1037,2023-12-18,5,13.7,France
INV84825,C1062,2023-09-07,1,18.0,Netherlands
INV58208,C1003,2023-04-19,9,47.37,United Kingdom
INV91195,C1021,2023-01-25,8,77.05,Spain
INV33601,C1023,2023-07-26,5,77.11,Spain
INV90000,C1081,2023-03-06,5,70.77,Netherlands
INV88545,C1037,2023-08-26,6,98.15,Germany
INV57073,C1080,2023-08-09,2,51.5,Netherlands
INV65749,C1017,2023-09-25,9,94.69,Netherlands
INV46978,C1022,2023-07-02,7,99.94,Netherlands
INV60831,C1007,2023-06-05,5,49.95,Netherlands
INV59818,C1006,2023-01-21,7,8.22,Spain
INV41636,C1095,2023-03-01,5,74.45,United Kingdom
INV10717,C1083,2023-06-30,3,92.82,Spain
INV73260,C1064,2023-06-10,2,45.07,Netherlands
INV44901,C1049,2023-12-30,2,75.78,Germany
INV15916,C1028,2023-09-14,4,85.23,Spain
INV37906,C1098,2023-03-03,2,54.63,France
INV67176,C1060,2023-06-09,7,8.52,Netherlands
INV75398,C1026,2023-12-29,8,26.85,Netherlands
INV79322,C1072,2023-03-06,2,89.07,United Kingdom
INV70998,C1088,2023-07-30,8,46.9,United Kingdom
INV61918,C1049,2023-10-11,7,11.21,United Kingdom
INV12694,C1003,2023-11-05,8,56.25,Netherlands
INV56938,C1066,2023-12-09,6,35.28,Spain
INV54345,C1064,2023-04-18,2,54.42,Spain
INV50920,C1076,2023-06-13,2,7.32,United Kingdom
INV96795,C1079,2023-03-30,2,7.02,Germany
INV78655,C1082,2023-09-10,7,22.62,France
INV53176,C1042,2023-09-05,2,94.21,Spain
INV64438,C1046,2023-07-10,3,11.65,Spain
INV53631,C1073,2023-03-11,4,10.0,Netherlands
INV67087,C1075,2023-12-22,1,43.18,United Kingdom
INV52823,C1083,2023-08-28,5,50.58,Netherlands
INV49858,C1056,2023-03-20,8,30.81,Germany
INV75097,C1090,2023-01-24,9,77.99,Germany
INV18167,C1083,2023-12-05,9,36.96,Germany
INV49524,C1035,2023-10-18,4,75.07,Netherlands
INV37228,C1087,2023-07-18,1,15.5,United Kingdom
INV36428,C1033,2023-05-28,8,32.29,United Kingdom
INV68459,C1095,2023-07-12,4,72.98,France
INV48119,C1046,2023-01-29,5,9.0,Netherlands
INV19879,C1054,2023-01-16,1,91.48,Spain
INV53019,C1089,2023-04-25,9,15.4,France
INV78181,C1065,2023-08-10,9,69.57,France
INV15245,C1059,2023-08-16,5,79.7,United Kingdom
INV95785,C1062,2023-12-09,6,98.32,Spain
INV46771,C1013,2023-06-08,8,49.4,United Kingdom
INV48858,C1052,2023-12-28,2,20.87,Spain
INV38839,C1067,2023-05-17,4,11.17,France
INV61046,C1060,2023-11-09,8,94.56,Netherlands
INV91863,C1081,2023-07-19,6,62.73,United Kingdom
INV77230,C1001,2024-01-01,2,41.49,France
INV88441,C1015,2023-08-30,9,22.71,France
INV89904,C1064,2023-03-27,3,83.49,Germany
INV16540,C1099,2023-11-28,5,10.5,Spain
INV11084,C1094,2023-01-15,7,88.96,Spain
INV87443,C1085,2023-11-07,3,61.74,Netherlands
INV57111,C1093,2023-12-12,1,21.52,United Kingdom
INV92611,C1062,2023-09-16,3,77.03,Netherlands
INV84883,C1011,2023-07-16,1,19.62,Netherlands
INV96419,C1050,2023-11-24,3,26.32,Germany
INV59642,C1052,2023-11-08,8,76.05,Spain
INV10368,C1078,2023-04-20,9,61.33,Spain
INV73310,C1026,2023-03-03,5,13.69,Spain
INV68556,C1038,2023-02-06,9,42.16,Spain
INV76654,C1012,2023-09-19,9,9.22,Netherlands
INV24999,C1073,2023-05-12,2,86.9,Germany
INV19790,C1065,2023-01-20,9,36.26,Spain
INV71516,C1054,2023-09-08,9,57.33,United Kingdom
INV81359,C1087,2023-03-23,2,43.8,United Kingdom
INV98322,C1042,2023-07-03,6,29.68,Germany
INV57037,C1023,2023-07-03,5,9.63,Germany
INV72876,C1022,2023-12-10,2,12.7,Germany
INV56330,C1059,2023-09-19,5,99.19,Netherlands
INV94992,C1083,2023-11-15,2,52.04,Germany
INV66439,C1023,2023-12-29,3,83.34,Germany
INV44176,C1038,2023-05-10,8,67.9,Spain
INV61072,C1076,2023-05-19,8,58.74,France
INV16722,C1034,2023-03-05,1,88.47,Spain
INV88188,C1005,2023-12-31,3,87.48,Germany
INV56049,C1074,2023-01-28,1,19.95,Netherlands
INV95050,C1023,2023-11-10,9,36.73,United Kingdom
INV89916,C1016,2023-07-17,9,93.36,United Kingdom
INV68342,C1014,2023-11-04,4,63.77,Germany
INV20683,C1027,2023-06-09,6,22.98,Spain
INV64868,C1037,2023-03-26,5,88.68,United Kingdom
INV65444,C1099,2023-05-20,9,7.78,United Kingdom
INV51259,C1074,2023-08-10,7,5.49,Netherlands
INV49751,C1083,2023-05-16,5,75.63,France
INV81578,C1061,2023-06-06,2,82.71,Spain
INV98609,C1024,2023-07-12,7,23.35,United Kingdom
INV23007,C1046,2023-12-15,1,58.19,Spain
INV74229,C1016,2023-08-03,8,29.68,Spain
INV17137,C1063,2023-05-17,8,82.77,Netherlands
INV26880,C1048,2023-05-03,6,31.92,Spain
INV29318,C1075,2023-06-20,7,56.42,Germany
INV76991,C1016,2023-11-20,2,37.48,Spain
INV92706,C1090,2023-11-09,5,14.74,Spain
INV42995,C1049,2023-10-24,4,21.51,Netherlands
INV66430,C1099,2023-04-20,4,11.44,Netherlands
INV44257,C1077,2023-09-12,1,78.24,Germany
INV48661,C1019,2023-03-24,1,60.31,United Kingdom
INV44034,C1080,2023-04-20,1,10.5,Netherlands
INV70649,C1056,2023-10-02,8,9.35,Spain
INV58367,C1088,2023-02-26,2,99.06,Spain
INV86798,C1095,2023-07-30,4,66.52,Spain
INV39055,C1078,2023-09-21,4,77.04,France
INV20126,C1090,2023-01-07,7,11.23,United Kingdom
INV74402,C1062,2023-09-17,1,35.74,United Kingdom
INV72728,C1013,2023-08-19,3,28.99,Netherlands
INV45464,C1053,2023-07-19,7,47.36,France
INV61819,C1009,2023-11-18,2,99.73,Netherlands
INV24592,C1059,2023-12-21,1,14.71,France
INV33891,C1006,2023-06-25,9,20.54,Netherlands
INV94610,C1086,2023-12-15,7,83.46,United Kingdom
INV36010,C1084,2023-02-08,4,84.79,Spain
INV48592,C1011,2023-02-16,4,67.18,United Kingdom
INV92147,C1041,2023-04-27,3,95.33,Spain
INV10936,C1087,2023-07-22,8,46.07,United Kingdom
INV29679,C1015,2023-10-09,5,91.4,France
INV89127,C1027,2023-03-22,5,65.66,Spain
INV54917,C1023,2023-06-10,6,77.21,France
INV94919,C1024,2023-10-08,5,98.48,Germany
INV32714,C1050,2023-01-13,1,35.47,France
INV49887,C1079,2023-05-25,6,26.85,France
INV74471,C1094,2023-09-13,3,7.96,United Kingdom
INV85822,C1051,2023-11-11,9,72.92,United Kingdom
INV23624,C1011,2023-07-30,2,87.11,France
INV75937,C1051,2023-06-22,8,20.13,France
INV40002,C1086,2023-06-13,9,87.52,Germany
INV54989,C1013,2023-05-15,5,19.6,Germany
INV50940,C1091,2023-04-25,2,77.3,United Kingdom
INV82811,C1007,2023-12-17,3,80.7,United Kingdom
INV35254,C1093,2023-01-02,5,91.62,Spain
INV91980,C1010,2023-02-20,3,22.62,France
INV80251,C1085,2023-01-01,9,5.12,Germany
INV42940,C1093,2023-09-27,7,16.89,United Kingdom
INV43669,C1029,2023-01-29,4,45.88,United Kingdom
INV97739,C1083,2023-10-11,6,26.43,Spain
INV59485,C1049,2023-11-19,6,60.29,Spain
INV19716,C1067,2023-08-15,5,61.08,United Kingdom
INV17703,C1057,2023-05-11,8,34.48,France
INV11951,C1094,2023-02-06,1,6.1,Netherlands
INV11054,C1045,2023-01-20,2,69.64,Germany
INV76773,C1003,2023-03-10,2,50.59,Spain
INV22129,C1002,2023-05-21,6,32.71,France
INV68097,C1063,2023-05-19,9,86.71,France
INV99171,C1009,2023-07-27,6,91.24,France
INV87269,C1027,2023-01-07,6,76.17,Germany
INV52264,C1094,2023-09-10,9,27.99,United Kingdom
INV10116,C1093,2023-12-02,9,59.24,Netherlands
INV95261,C1012,2023-05-28,6,63.72,France
INV99749,C1015,2023-10-28,4,37.87,France
INV45734,C1005,2023-02-07,8,5.93,Netherlands
INV59834,C1033,2023-04-22,1,54.18,United Kingdom
INV80619,C1065,2023-12-11,1,88.84,Spain
INV58170,C1072,2023-07-18,1,83.33,United Kingdom
INV77120,C1020,2023-05-16,6,35.6,Spain
INV18026,C1077,2023-03-22,6,58.92,United Kingdom
INV33522,C1082,2023-04-21,2,83.04,France
INV97421,C1018,2023-06-12,7,68.69,United Kingdom
INV94494,C1043,2023-01-18,8,65.46,Spain
INV56623,C1037,2023-11-12,3,90.14,Netherlands
INV47572,C1031,2023-04-13,9,93.94,Netherlands
INV32625,C1009,2023-10-10,7,63.23,United Kingdom
INV90631,C1074,2023-06-26,9,72.36,France
INV14598,C1051,2023-04-26,8,95.0,United Kingdom
INV90907,C1023,2023-12-27,4,37.25,Spain
INV15530,C1070,2023-08-11,7,67.78,Germany
INV57234,C1030,2023-11-28,4,61.76,United Kingdom
INV96549,C1081,2023-07-29,6,47.97,Spain
INV37451,C1099,2023-09-10,3,8.87,Germany
INV33488,C1022,2023-05-25,2,10.73,France
INV41158,C1055,2023-09-24,7,66.78,France
INV17703,C1036,2023-08-25,9,87.82,France
INV26298,C1079,2023-09-04,3,97.71,United Kingdom
INV62997,C1006,2023-09-08,4,75.71,Spain
INV79321,C1076,2023-07-21,7,46.2,United Kingdom
INV16789,C1006,2023-12-18,3,20.36,Germany
INV39009,C1081,2023-03-05,6,73.32,United Kingdom
INV88529,C1095,2023-02-21,6,36.57,Spain
INV78246,C1012,2023-11-16,8,97.61,France
INV29464,C1095,2023-11-25,3,12.75,United Kingdom
INV84659,C1002,2023-12-22,3,69.62,France
INV72152,C1097,2023-03-06,6,7.91,France
INV61507,C1024,2023-09-09,1,84.84,France
INV91422,C1085,2023-04-15,1,87.49,Netherlands
INV93901,C1034,2023-01-21,8,45.42,France
INV78013,C1034,2023-03-13,4,74.86,Spain
INV68361,C1024,2023-09-05,4,52.96,United Kingdom
INV90861,C1068,2023-07-19,2,87.37,United Kingdom
INV40645,C1015,2023-10-28,9,46.67,Netherlands
INV54482,C1074,2023-01-16,5,42.57,Netherlands
INV21966,C1021,2023-03-18,4,87.98,France
INV91597,C1061,2023-09-23,2,80.33,United Kingdom
INV67110,C1002,2023-06-03,7,31.3,United Kingdom
INV70785,C1054,2023-02-21,3,31.97,Spain
INV75690,C1024,2023-06-19,3,64.18,France
INV74164,C1065,2023-04-07,8,84.42,Spain
INV63611,C1060,2023-01-22,1,17.5,Netherlands
INV38486,C1045,2023-05-10,8,43.5,Germany
INV27871,C1090,2023-09-13,7,65.09,Germany
INV16007,C1060,2023-02-09,2,22.19,United Kingdom
INV65549,C1006,2024-01-01,5,11.57,Netherlands
INV59447,C1035,2023-10-15,9,28.49,Germany
INV60222,C1056,2023-07-16,8,60.04,Germany
INV70527,C1083,2023-04-20,4,61.33,Germany
INV85907,C1036,2023-01-26,6,66.95,Germany
INV60370,C1046,2023-07-23,9,97.09,Netherlands
INV56584,C1039,2023-03-26,2,86.51,United Kingdom
INV26766,C1029,2023-04-30,5,35.89,Spain
INV75450,C1054,2023-02-01,8,61.88,Germany
INV85992,C1033,2023-02-09,4,97.13,France
INV77867,C1052,2023-01-01,3,46.99,France
INV20749,C1013,2023-11-01,9,45.93,Spain
INV47559,C1059,2023-05-16,4,60.85,Spain
INV59481,C1095,2023-06-15,1,28.99,Spain
INV41135,C1002,2023-07-21,6,20.92,France
INV59212,C1081,2023-02-10,9,62.53,Spain
INV61213,C1045,2023-12-17,5,55.68,Germany
INV23841,C1054,2023-08-10,1,85.2,Netherlands
INV87481,C1099,2023-09-15,8,60.61,United Kingdom
INV63355,C1070,2023-11-18,6,24.55,Germany
INV93299,C1048,2023-11-13,4,30.63,United Kingdom
INV25616,C1030,2023-12-03,2,16.68,France
INV90899,C1043,2023-04-27,5,93.98,France
INV84519,C1073,2023-03-01,1,16.6,Germany
INV35915,C1050,2023-07-04,6,22.1,France
INV33928,C1092,2023-08-29,5,14.81,Spain
INV96072,C1030,2023-01-02,3,8.95,Germany
INV54766,C1081,2023-04-25,4,98.73,Spain
INV37928,C1059,2023-04-29,8,70.17,United Kingdom
INV65389,C1063,2023-06-23,2,35.7,Germany
INV28368,C1014,2023-09-25,9,60.11,United Kingdom
INV88221,C1005,2023-11-03,8,53.98,Germany
INV64298,C1085,2023-03-07,2,37.55,Germany
INV28763,C1020,2023-06-10,6,18.27,France
INV32573,C1097,2023-12-20,4,71.94,France
INV40724,C1066,2023-01-10,7,20.43,Germany
INV53104,C1040,2023-05-03,5,13.92,France
INV71457,C1053,2023-06-08,8,19.84,United Kingdom
INV45636,C1035,2023-09-09,6,87.47,France
INV34777,C1072,2023-02-21,6,29.25,Spain
INV25116,C1031,2023-01-30,1,84.62,Netherlands
INV62612,C1021,2023-07-31,2,28.19,France
INV96655,C1025,2023-03-19,8,87.14,United Kingdom
INV17995,C1016,2023-12-09,1,7.89,Netherlands
INV94862,C1051,2023-01-11,8,80.57,Spain
INV39433,C1087,2023-03-17,4,69.27,Spain
INV83325,C1068,2023-05-21,3,94.38,France
INV44457,C1022,2023-09-01,5,68.36,Netherlands
INV79478,C1061,2023-08-25,9,15.13,Netherlands
INV64662,C1044,2023-03-15,2,99.94,Spain
INV41424,C1089,2023-05-18,6,35.22,Netherlands
INV73656,C1022,2023-10-04,1,43.66,Netherlands
INV18543,C1095,2023-08-09,9,13.6,France
INV97272,C1089,2023-08-09,9,15.37,Netherlands
INV67259,C1087,2023-05-03,2,43.39,Spain
INV37585,C1001,2023-07-22,4,68.42,Netherlands
INV36236,C1067,2023-10-23,6,90.63,Spain
INV80809,C1000,2023-03-02,9,35.13,Germany
INV14468,C1027,2023-09-12,1,16.42,Germany
INV47671,C1055,2023-04-17,6,66.66,Spain
INV19390,C1003,2023-02-09,5,35.84,Germany
INV81337,C1049,2023-07-29,7,58.53,France
INV47168,C1012,2023-12-26,3,41.91,France
INV68465,C1036,2023-02-03,9,61.67,Germany
INV26716,C1044,2023-06-27,1,47.22,United Kingdom
INV92247,C1069,2023-04-06,6,11.95,United Kingdom
INV69003,C1088,2023-03-09,3,21.0,Netherlands
INV33680,C1007,2023-02-26,2,49.03,France
INV86740,C1087,2023-01-20,3,56.52,France
INV95187,C1094,2023-02-10,8,54.31,Spain
INV23506,C1087,2023-12-31,6,91.85,Spain
INV49258,C1069,2023-04-27,9,41.12,France
INV78686,C1049,2023-07-05,2,55.03,United Kingdom
INV73987,C1012,2023-12-25,4,62.75,Netherlands
INV44850,C1022,2023-12-27,7,82.23,France
INV62854,C1005,2023-02-17,2,72.97,Germany
INV71634,C1058,2023-07-16,5,23.6,France
INV70521,C1053,2023-07-09,7,90.19,Spain
INV81680,C1046,2023-10-22,5,90.31,Germany
INV22548,C1072,2023-06-17,9,67.2,France
INV85976,C1063,2023-02-07,3,10.73,Netherlands
INV77404,C1063,2023-11-19,5,50.52,France
INV12708,C1033,2023-07-16,3,14.63,United Kingdom
INV16865,C1019,2023-09-12,4,29.39,France
INV53926,C1054,2023-11-25,4,68.66,United Kingdom
INV85248,C1027,2023-11-25,3,60.19,United Kingdom
INV15324,C1081,2023-09-28,4,73.18,Spain
INV30628,C1092,2023-01-14,2,30.9,Spain
INV60499,C1013,2023-10-13,4,83.2,Germany
INV22499,C1048,2023-03-09,7,69.71,Spain
INV94020,C1033,2023-07-18,7,54.89,Netherlands
INV24336,C1054,2023-05-28,7,33.05,Spain
INV45899,C1090,2023-04-12,1,58.89,United Kingdom
INV71601,C1014,2023-05-20,8,96.48,Germany
INV73381,C1032,2023-09-27,4,13.27,France
INV26074,C1064,2023-01-01,6,57.27,France
INV31837,C1087,2023-10-27,8,55.02,United Kingdom
INV51486,C1095,2023-05-24,7,65.61,Germany
INV12131,C1025,2023-08-17,5,89.0,Netherlands
INV38429,C1073,2023-10-01,9,80.41,Germany
INV59095,C1053,2023-03-23,8,44.05,France
INV64584,C1055,2023-01-07,8,78.14,Spain
INV90661,C1016,2023-02-02,1,27.5,France
INV80169,C1019,2023-12-24,5,33.7,Netherlands
INV78744,C1074,2023-11-02,8,83.15,Netherlands
INV71028,C1086,2023-02-14,7,68.42,Germany
INV88472,C1024,2023-05-10,2,77.83,Netherlands
INV27692,C1089,2023-11-24,1,45.27,Netherlands
INV50463,C1044,2023-08-08,5,20.96,Germany
INV40768,C1032,2023-10-08,3,87.58,Germany
INV33317,C1034,2023-07-31,1,25.59,United Kingdom
INV67453,C1075,2023-07-13,1,21.95,Spain
INV22384,C1036,2023-11-18,5,65.99,Germany
INV19473,C1088,2023-08-08,7,56.94,Spain
INV87599,C1076,2023-09-21,9,42.14,United Kingdom
INV36244,C1013,2023-05-16,9,52.19,Spain
INV36207,C1004,2023-02-21,2,31.08,Germany
INV26550,C1088,2023-05-22,7,71.04,Netherlands
INV63822,C1029,2023-02-27,3,47.06,Spain
INV37080,C1041,2023-09-08,7,73.83,France
INV28058,C1023,2023-04-05,7,37.4,Germany
INV86424,C1049,2023-01-19,3,62.31,United Kingdom
INV89587,C1071,2023-09-23,6,59.95,United Kingdom
INV74235,C1079,2023-03-31,7,78.4,Netherlands
INV97871,C1054,2023-06-27,4,13.14,Spain
INV38118,C1064,2023-12-20,1,61.6,Spain
INV91879,C1044,2023-11-13,9,35.72,Germany
INV24250,C1022,2023-06-20,6,38.72,France
INV80426,C1053,2023-07-19,4,47.03,United Kingdom
INV80529,C1099,2023-03-22,2,68.61,France
INV77926,C1017,2023-06-25,5,30.76,Netherlands
INV75021,C1076,2023-10-05,8,66.83,France
INV19671,C1006,2023-12-04,6,26.93,United Kingdom
INV14771,C1039,2023-09-08,3,23.08,Spain
INV65729,C1074,2023-04-07,2,99.44,Netherlands
INV54676,C1087,2023-09-27,2,39.48,Netherlands
INV77787,C1000,2023-09-03,3,74.41,Netherlands
INV38001,C1099,2023-03-20,4,10.71,Netherlands
INV75506,C1063,2023-03-19,4,96.36,United Kingdom
INV88970,C1016,2023-02-22,9,21.2,Spain
INV36002,C1052,2023-04-24,9,83.07,Germany
INV49858,C1030,2023-12-10,1,33.58,Netherlands
INV49471,C1074,2023-06-22,8,80.57,Netherlands
INV88787,C1011,2023-07-04,7,42.94,Germany
INV49945,C1057,2023-10-06,8,6.9,Germany
INV21659,C1052,2023-09-04,4,93.07,Netherlands
INV13915,C1083,2023-09-16,1,84.99,Germany
INV47793,C1036,2023-05-22,5,13.83,France
INV39896,C1047,2023-06-11,6,13.47,France
INV39597,C1090,2023-06-30,7,87.15,United Kingdom
INV33194,C1008,2023-05-06,5,83.48,Germany
INV23534,C1083,2023-12-06,6,20.13,Germany
INV14060,C1055,2023-02-16,4,33.8,Netherlands
INV72942,C1044,2023-11-03,2,37.46,France
INV56709,C1078,2023-03-04,9,13.33,Germany
INV95523,C1054,2023-11-04,9,57.61,France
INV13444,C1033,2023-11-11,3,42.71,Spain
INV19105,C1015,2023-12-04,7,94.53,Germany
INV30070,C1039,2023-10-20,2,53.99,United Kingdom
INV70268,C1091,2023-04-02,3,79.7,France
INV40472,C1093,2023-06-03,6,58.82,France
INV43306,C1092,2023-06-07,4,24.81,Germany
INV15034,C1077,2023-05-02,1,16.05,Spain
INV65821,C1095,2023-02-24,2,64.66,Spain
INV90147,C1092,2023-12-07,8,55.59,Germany
INV80874,C1073,2023-05-31,6,18.42,France
INV33645,C1082,2023-08-22,7,33.94,France
INV20439,C1097,2023-01-20,9,35.64,Spain
INV58127,C1017,2023-03-27,3,21.48,United Kingdom
INV13059,C1065,2023-09-05,2,26.24,France
INV56464,C1075,2023-01-30,4,59.44,France
INV11258,C1008,2023-12-18,9,59.64,United Kingdom
INV68607,C1044,2023-08-18,6,34.8,Germany
INV48459,C1083,2023-01-01,1,62.59,Germany
INV77611,C1048,2023-07-28,6,83.79,Germany
INV43051,C1055,2023-02-01,4,52.74,France
INV98661,C1042,2023-02-14,9,83.39,Germany
INV86432,C1059,2023-06-10,5,16.57,Germany
INV64148,C1086,2023-09-14,5,7.45,United Kingdom
INV60243,C1085,2023-09-19,9,27.09,United Kingdom
INV95435,C1023,2023-04-26,4,46.75,Netherlands
INV88349,C1089,2023-09-22,6,5.03,United Kingdom
INV82190,C1024,2023-04-29,2,66.77,Netherlands
INV26764,C1004,2023-12-21,3,41.71,United Kingdom
INV22294,C1043,2023-02-10,5,79.17,Germany
INV45370,C1032,2023-08-03,9,10.53,Germany
INV38565,C1091,2023-11-27,2,10.49,United Kingdom
INV99153,C1086,2023-07-29,8,33.25,Spain
INV21304,C1021,2023-09-23,7,27.72,Germany
INV43543,C1013,2023-09-24,3,12.09,Netherlands
INV53180,C1053,2023-05-06,3,21.89,United Kingdom
INV99901,C1002,2023-05-28,1,53.4,United Kingdom
INV47140,C1035,2023-03-30,7,26.74,United Kingdom
INV85791,C1057,2023-04-22,5,63.45,Spain
INV23012,C1016,2023-05-10,4,21.51,Spain
INV31776,C1042,2023-06-20,4,55.07,Germany
INV11661,C1095,2023-12-10,7,73.81,Netherlands
INV91033,C1024,2023-04-12,5,89.23,Spain
INV10426,C1073,2023-03-14,3,39.94,Spain
INV86497,C1082,2023-07-27,6,83.62,United Kingdom
INV86410,C1061,2023-09-05,5,41.77,France
INV67794,C1018,2023-09-12,5,6.05,Germany
INV80682,C1028,2023-09-21,2,17.71,Germany
INV85291,C1035,2023-08-31,5,6.82,Netherlands
INV47424,C1064,2023-05-01,5,77.23,Germany
INV50489,C1050,2023-02-11,8,55.85,Netherlands
INV79226,C1014,2023-05-18,1,35.73,Netherlands
INV32877,C1081,2023-08-10,2,64.78,Germany
INV60442,C1047,2023-08-13,5,81.15,Netherlands
INV90803,C1025,2023-09-23,4,40.28,Germany
INV49543,C1099,2023-01-02,1,57.06,United Kingdom
INV50481,C1082,2023-03-06,5,85.21,France
INV47904,C1015,2023-05-17,7,19.18,France
INV97874,C1029,2023-01-10,4,87.14,Spain
INV33696,C1042,2023-07-31,2,50.22,France
INV61467,C1048,2023-01-09,9,63.34,Germany
INV29792,C1025,2023-12-04,6,42.28,United Kingdom
INV90189,C1052,2023-08-05,1,95.76,Spain
INV22772,C1051,2023-11-07,1,67.58,Spain
INV22719,C1005,2023-08-11,9,70.37,France
INV12509,C1003,2023-05-28,1,84.88,Netherlands
INV34410,C1016,2023-05-13,8,48.84,France
INV26663,C1004,2023-11-02,7,67.64,United Kingdom
INV91193,C1038,2023-11-05,6,65.48,United Kingdom
INV88688,C1050,2023-01-24,1,11.33,United Kingdom
INV83483,C1038,2023-10-05,8,88.83,Netherlands
INV39790,C1095,2023-09-13,5,75.06,Germany
INV23063,C1097,2023-05-08,1,47.11,France
INV45791,C1028,2023-06-11,8,8.96,Germany
INV89044,C1027,2023-11-11,9,75.89,Netherlands
INV29528,C1034,2023-07-01,1,11.85,France
INV42061,C1035,2023-06-16,8,15.01,United Kingdom
INV86660,C1059,2023-04-17,1,95.87,Netherlands
INV70326,C1039,2023-12-04,5,41.82,Germany
INV36279,C1009,2023-11-14,4,38.22,Netherlands
INV61782,C1092,2023-11-13,3,67.83,Netherlands
INV58084,C1007,2023-08-13,3,21.54,United Kingdom
INV62151,C1058,2023-09-02,5,57.21,Spain
INV11035,C1031,2023-08-14,6,77.62,Netherlands
INV69227,C1001,2023-06-18,6,12.85,Spain
INV99856,C1096,2023-05-13,1,33.07,United Kingdom
INV12616,C1021,2023-09-18,8,64.34,Netherlands
INV69006,C1090,2023-04-12,2,68.4,Spain
INV83601,C1061,2023-09-09,3,16.53,Spain
INV54836,C1097,2023-06-03,4,78.59,France
INV68225,C1058,2023-06-20,9,96.18,Germany
INV89343,C1028,2023-04-27,7,8.99,United Kingdom
INV41258,C1084,2023-04-07,2,35.61,Germany
INV30444,C1001,2023-03-19,4,32.82,France
INV61551,C1057,2023-08-23,8,15.83,Spain
INV97160,C1008,2023-10-28,5,92.43,Germany
INV78394,C1048,2023-11-14,2,17.17,Netherlands
INV63080,C1035,2023-12-07,1,93.17,Spain
INV88223,C1043,2023-08-05,7,14.03,Netherlands
INV36659,C1086,2023-04-06,8,46.05,France
INV95425,C1041,2023-11-29,9,20.55,Germany
INV77190,C1072,2023-12-27,4,27.87,United Kingdom
INV10074,C1055,2023-02-17,5,69.22,Spain
INV69342,C1025,2023-08-17,3,89.26,France
INV36881,C1093,2023-07-29,8,99.28,Spain
INV54968,C1068,2023-10-30,7,88.53,France
INV23796,C1067,2023-12-25,9,56.68,Germany
